2024/01/27 17:37:55,58611
2024/01/27 18:07:56,58612
2024/01/27 19:07:56,58613
2024/01/27 20:07:56,58614
2024/01/27 21:07:56,58615
2024/01/27 22:07:56,58616
2024/01/27 23:07:56,58617
2024/01/28 00:07:56,58618
2024/01/28 01:07:56,58619
2024/01/28 02:07:56,58620
2024/01/28 03:07:56,58621
2024/01/28 04:07:59,58622
2024/01/28 05:07:59,58623
2024/01/28 06:07:59,58624
2024/01/28 07:07:59,58625
2024/01/28 08:07:59,58626
2024/01/28 09:07:59,58627
2024/01/28 10:07:59,58628
2024/01/28 11:07:59,58629
2024/01/28 12:08:00,58630
2024/01/28 13:08:00,58631
2024/01/28 14:08:00,58632
2024/01/28 15:08:00,58633
2024/01/28 16:08:00,58634
2024/01/28 17:08:00,58635
2024/01/28 18:08:00,58636
2024/01/28 19:08:00,58637
2024/01/28 20:08:00,58638
2024/01/28 21:08:00,58639
2024/01/28 22:08:00,58640
2024/01/28 23:08:00,58641
2024/01/29 00:08:00,58642
2024/01/29 01:08:00,58643
2024/01/29 02:08:00,58644
2024/01/29 03:08:02,58645
2024/01/29 04:08:02,58646
2024/01/29 05:08:02,58647
2024/01/29 06:08:02,58648
2024/01/29 07:08:02,58649
2024/01/29 08:08:02,58650
2024/01/29 09:08:02,58651
2024/01/29 10:08:02,58652
2024/01/29 11:08:02,58653
2024/01/29 12:08:02,58654
2024/01/29 13:08:02,58655
2024/01/29 14:08:02,58656
2024/01/29 15:08:02,58657
2024/01/29 16:08:02,58658
2024/01/29 17:08:02,58659
2024/01/29 18:08:02,58660
2024/01/29 19:08:02,58661
2024/01/29 20:08:02,58662
2024/01/29 21:08:02,58663
2024/01/29 22:08:02,58664
2024/01/29 23:08:02,58665
2024/01/30 00:08:02,58666
2024/01/30 01:08:02,58667
2024/01/30 02:08:02,58668
2024/01/30 03:08:04,58669
2024/01/30 04:08:04,58670
2024/01/30 05:08:04,58671
2024/01/30 06:08:04,58672
2024/01/30 07:08:04,58673
2024/01/30 08:08:04,58674
2024/01/30 09:08:04,58675
2024/01/30 10:08:04,58676
2024/01/30 11:08:04,58677
2024/01/30 12:08:04,58678
2024/01/30 13:08:04,58679
2024/01/30 14:08:04,58680
2024/01/30 15:08:04,58681
2024/01/30 16:08:04,58682
2024/01/30 17:08:04,58683
